{
  "id": "diableavionics",
  "name": "Diable Avionics",
  "author": "Tartiflette, formerly created by Flashfrozen with the participation of Debido.",
  "version":
    {
      "major": 2,
      "minor": 9,
      "patch": 0
    },
  "description": "Claiming ownership over the possessions of millions seems to be a bold claim, but is one the Diable Avionics Corporation intends to enforce, with deadly means if necessary.",
  "gameVersion": "0.97a",
  "dependencies": [
    {
      "id": "lw_lazylib",
      "name": "LazyLib"
    },
    {
      "id": "MagicLib",
      "name": "MagicLib",
      "version": { "major": "1", "minor": "4", "patch": "0" }
    },
  ],
  "jars": [ "jars/Diable_Avionics.jar" ],
  "modPlugin": "data.scripts.DAModPlugin",
}
