{
	"diableavionics_station_eclipse":{
		"defaultName":"Eclipse Station",
		"defaultRadius":70,
		"customDescriptionId":"diableavionics_station_eclipse",
		"interactionImage":"graphics/illustrations/jangala_station.jpg",
		"icon":"graphics/icons/station0.png",
		"iconWidth":24,
		"iconHeight":24,
		"sprite":"graphics/da/stations/diableavionics_eclipse.png",
		"spriteWidth":182,
		"spriteHeight":182,
		"renderShadow":true,
		"useLightColor":true,
		"showInCampaign":true,
		"showIconOnMap":true,
		"showNameOnMap":false,
		"scaleNameWithZoom":false,
		"tags":["station"],
		"layers":[STATIONS],
	},
        "diableavionics_station_shadow":{
		"defaultName":"Shadow Station",
		"defaultRadius":70,
		"customDescriptionId":"diableavionics_station_shadow",
		"interactionImage":"graphics/illustrations/jangala_station.jpg",
		"icon":"graphics/icons/station0.png",
		"iconWidth":24,
		"iconHeight":24,
		"sprite":"graphics/da/stations/diableavionics_shadow.png",
		"spriteWidth":179,
		"spriteHeight":179,
		"renderShadow":true,
		"useLightColor":true,
		"showInCampaign":true,
		"showIconOnMap":true,
		"showNameOnMap":false,
		"scaleNameWithZoom":false,
		"tags":["station"],
		"layers":[STATIONS],
	},
        "diableavionics_station_ressource":{
		"defaultName":"Extraction Station",
		"defaultRadius":70,
		"customDescriptionId":"diableavionics_station_ressource",
		"interactionImage":"graphics/illustrations/jangala_station.jpg",
		"icon":"graphics/icons/station0.png",
		"iconWidth":24,
		"iconHeight":24,
		"sprite":"graphics/da/stations/diableavionics_ressource.png",
		"spriteWidth":173,
		"spriteHeight":173,
		"renderShadow":true,
		"useLightColor":true,
		"showInCampaign":true,
		"showIconOnMap":true,
		"showNameOnMap":false,
		"scaleNameWithZoom":false,
		"tags":["station"],
		"layers":[STATIONS],
	},
}