{
	"DiableAvionicsTrail":{
		"engineColor":[107,195,210,120],
		"contrailParticleSizeMult":10.90,
		"contrailParticleDuration":0.12,
		"contrailParticleFinalSizeMult":3.12,		
		"contrailMaxSpeedMult":0.33,
		"contrailAngularVelocityMult":0.33,
		"contrailColor":[33,103,120,52],
		"engineGlowGlowMult":1.45,
		"type":"GLOW" # GLOW or SMOKE
	},
	
	"DiableAvionicsMissileTrail":{
		"engineColor":[107,195,210,120],
		"contrailParticleSizeMult":16.90,
		"contrailParticleDuration":0.12,
		"contrailParticleFinalSizeMult":4.1,		
		"contrailMaxSpeedMult":0.33,
		"contrailAngularVelocityMult":0.33,
		"contrailColor":[33,103,120,92],
		"engineGlowGlowMult":2.15,
		"type":"GLOW" # GLOW or SMOKE
	},
	"DiableAvionicsMissileNoTrail":{
		"engineColor":[107,195,210,120],
		"contrailParticleSizeMult":0,
		"contrailParticleDuration":0,
		"contrailParticleFinalSizeMult":0,		
		"contrailMaxSpeedMult":0,
		"contrailAngularVelocityMult":0,
		"contrailColor":[0,0,0,0],
		"engineGlowGlowMult":0,
		"type":"GLOW" # GLOW or SMOKE
	},
        "DiableAvionicsBooster":{
		"engineColor":[236,221,52,0],
		"contrailParticleSizeMult":16.90,
		"contrailParticleDuration":0.12,
		"contrailParticleFinalSizeMult":3.12,		
		"contrailMaxSpeedMult":0.33,
		"contrailAngularVelocityMult":0.33,
		"contrailColor":[33,103,120,52],
		"engineGlowGlowMult":1.45,
		"type":"GLOW" # GLOW or SMOKE
	},
        "DiableAvionicsBooster2":{
		"engineColor":[255,150,25,0],
		"contrailParticleSizeMult":0,
		"contrailParticleDuration":0,
		"contrailParticleFinalSizeMult":0,		
		"contrailMaxSpeedMult":0,
		"contrailAngularVelocityMult":0,
		"contrailColor":[0,0,0,0],
		"engineGlowGlowMult":0,
		"type":"GLOW" # GLOW or SMOKE
	},	
	"DiableAvionicsTrainer":{
		"mode":"QUAD_STRIP", # PARTICLES or QUAD_STRIP, determines which params are used
		"contrailDuration":15,
		"contrailWidthMult":2,
		"contrailWidthAddedFractionAtEnd":-0.5f,  # can be negative. makes trail spread out/narrow at the end
		"contrailMinSeg":5, # min segment length, in pixels
		"contrailMaxSpeedMult":0.75f,
		"contrailAngularVelocityMult":0.25f,
		"contrailColor":[50,50,255,75],
		"type":"SMOKE", # GLOW or SMOKE; additive or regular blend mode
						
		"glowSprite":"graphics/fx/engineglow32b.png",
		"glowOutline":"graphics/fx/engineflame32b.png",
		#"omegaMode":true,
		"glowSizeMult":1,
		"glowAlternateColor":[50,75,150,255],
		"engineColor":[107,195,210,120],
	},
}	
