{
	"DA_WANZER":{
		"hyperspaceJitterColor":[100,165,255,200],
		"baseCampaignExplosionColor":[100,165,255,255],
		"baseCombatExplosionColor":[100,165,255,255],
		"fighterRepairFlickerColor":[100,165,255,255],
		"fighterChipIconColor":[100,165,255,255],
		"weaponDisabledExplosionColor":[100,165,255,255],
		"shieldRingColor":[255,255,255,255],
		"shieldInnerColor":[125,125,255,75],
		"fluxVentCoreColor":[255,255,255,255],
		"fluxVentFringeColor":[125,0,155,255],
		"engineLoopSet":"engine_loop",
		"engineAccelerateSet":"engine_accelerate",
		"empLoopSet":"emp_loop",
		"fluxLoopSet":"flux_loop",
		"ventFluxSet":"vent_flux",
		"shieldBurnoutSet":"shield_burnout",
		"shieldLowerSet":"shield_lower",
		"shieldRaiseSet":"shield_raise",
		"explosionShipSet":"explosion_ship",
		"damageDecalSheet":"graphics/da/damage/diableavionics_damage_decal_sheet_base.png",
		"damageDecalGlowSheet":"graphics/da/damage/diableavionics_damage_decal_sheet_glow.png",
		
		"colorShiftCovers":true,
		"coversColorShiftAmount":1,
		"coversMatchShipBrightness":true,
		"slotCoverSmallTurret":"graphics/weapons/covers/cover_turret_midline_small.png",
		"slotCoverSmallHardpoint":"graphics/weapons/covers/cover_hardpoint_midline_small.png",
		"slotCoverMediumTurret":"graphics/weapons/covers/cover_turret_midline_medium.png",
		"slotCoverMediumHardpoint":"graphics/weapons/covers/cover_hardpoint_midline_medium.png",
		"slotCoverLargeTurret":"graphics/weapons/covers/cover_turret_midline_large.png",
		"slotCoverLargeHardpoint":"graphics/weapons/covers/cover_hardpoint_midline_large.png",
		
		"dHullOverlaySmall":"graphics/damage/ship_damage_over3.png",
		"dHullOverlayLarge":"graphics/damage/ship_damage_over3.png",
	},
}
